image_url,title,rating,price,ad_or_organic
https://m.media-amazon.com/images/I/712cUkgrVnL._AC_UY218_.jpg,"HP 255 G10 Laptop for Home or Work, 16GB RAM, 512GB SSD, 15.6"" Full HD, Ryzen 3 7330U (Beats Intel i5-1135G7), HDMI, USB-C, Windows 11 Pro, Business and Fun Ready",4.6 out of 5 stars,32540,Organic
https://m.media-amazon.com/images/I/61Y8j1QN5YL._AC_UY218_.jpg,"Acer Aspire 3, Intel Celeron N4500, 12 GB RAM, 256 GB SSD, HD 14""/35.56 cm, Windows 11 Home, Silver, 1.3 kg, A324-45, Thin and Light Laptop",3.4 out of 5 stars,21990,Organic
https://m.media-amazon.com/images/I/71h+7L8gcrL._AC_UY218_.jpg,"BrowseBook 14.1"" FHD IPS Laptop | Best Student & Office Work Laptop | Celeron N4020 | 4GB RAM | 128GB SSD | Windows 11 | 38Wh | 1.3kg | Grey",3.2 out of 5 stars,12990,Organic
https://m.media-amazon.com/images/I/61AccNkmFFL._AC_UY218_.jpg,"Lenovo V15 G4 AMD Athlon Silver 7120U Laptop 8GB LPDDR5 Ram, 512 GB SSD PCIe, Windows 11 Lifetime Validity,15.6"" FHD Screen, AMD Radeon 610M, Silver, 1 Year Brand Warranty",4.1 out of 5 stars,26990,Organic
https://m.media-amazon.com/images/I/61Kfqt-h5-L._AC_UY218_.jpg,"Dell 15, AMD Ryzen 3 7320U Processor (8GB RAM / 512GB SSD/Windows 11 + Office H&S 2024 + M365 / 15.6""(39.62 Cm) FHD Display / 12 Month Mcafee/Carbon Black Color/ 1.63 Kg Thin & Light Laptop",4.0 out of 5 stars,28990,Organic
https://m.media-amazon.com/images/I/513p8BwV-RL._AC_UY218_.jpg,"acer Aspire Lite, AMD Ryzen 3 5300U Processor, 16 GB RAM, 512GB SSD, Full HD, 15.6""/39.62cm, Windows 11 Home, Steel Gray, 1.59KG, AL15-41, Metal Body, Premium Thin and Light Laptop",3.9 out of 5 stars,29890,Organic
https://m.media-amazon.com/images/I/71dyfY6G0aL._AC_UY218_.jpg,"HP 15, Intel Core Ultra 5 125H (16GB DDR5, 1TB SSD) FHD, IPS, 15.6''/39.6cm, Win11, M365 Basic(1yr)*Office24, Silver, 1.65kg, fd1354TU, Intel Arc Graphics, FHD Camera w/Shutter, AI Powered Laptop",3.9 out of 5 stars,64990,Organic
https://m.media-amazon.com/images/I/710Natr3OFL._AC_UY218_.jpg,"Acer Aspire 3 12th Gen Intel Core i3-1215U Premium Laptop (16GB RAM/512GB SSD/Windows 11 Home) A325-51,15.6"" Full HD IPS Display, 54Whr Battery, Silver, 1.69 Kg",4.0 out of 5 stars,29990,Organic
https://m.media-amazon.com/images/I/61IDcxw27+L._AC_UY218_.jpg,"JioBook 11 with Lifetime Office | Android 4G Laptop Mediatek 8788 (JioOS) | Octa-core | 4GB RAM | 64 eMMC Storage | Thin and Light Laptop (11.6 inch, 990 Grams) | Dual Band WiFi + SIM | Blue",3.0 out of 5 stars,12990,Organic
https://m.media-amazon.com/images/I/61zWFTCfWeL._AC_UY218_.jpg,"Walker Best Student &Office Work Laptop|Thin & Light|14.1"" 1920 * 1080 Resolution FHD IPS Display |4GB RAM,128GB SSD|Celeron Processor N4020 (Gemini Lake)| Windows 11 Home | Silver",3.2 out of 5 stars,12990,Organic
https://m.media-amazon.com/images/I/618zAXbM4uL._AC_UY218_.jpg,"HP Pavilion x360, 13th Gen Intel Core i5-1335U (16GB DDR4, 512GB SSD) Touchscreen, 14""/35.6cm, FHD, Win 11, Office 21, Silver, 1.51kg, ek1074tu/1148tu, Iris Xe, FPR, 5MP Camera, Backlit KB Laptop",3.8 out of 5 stars,66490,Organic
https://m.media-amazon.com/images/I/71pKJ+Mjd8L._AC_UY218_.jpg,"Apple 2025 MacBook Air (13-inch, Apple M4 chip with 10-core CPU and 8-core GPU, 16GB Unified Memory, 256GB) - Sky Blue",4.6 out of 5 stars,93900,Organic
https://m.media-amazon.com/images/I/61HRuwOTNPL._AC_UY218_.jpg,"Lenovo V14 Intel Core i5 13th Gen 14"" FHD (1920x1080) Antiglare 250 Nits Thin and Light Laptop (16GB RAM/512GB SSD/Windows 11 Home/Office 2024/Iron Grey/1.43 kg), 83A0A0PTIN",3.8 out of 5 stars,47990,Organic
https://m.media-amazon.com/images/I/81LbQEPiFnL._AC_UY218_.jpg,"Acer One 11 Intel Celeron N4500 (Windows 11 Home/ 8 GB/ 256 GB SSD) 29.64 cm (11.6"") Anti Glare HD Laptop, Z8-284, 1.1 KG, Deep Blue",2.8 out of 5 stars,19999,Organic
https://m.media-amazon.com/images/I/81leoJuYYaL._AC_UY218_.jpg,"Lenovo IdeaPad Slim 3, 12th Gen Intel Core i5-12450H (16GB LPDDR5, 512GB SSD), Anti-glare, FHD 15.6""(39.6cm), Win 11, Office Home 2024, Arctic Grey, 1.62Kg, 83ER00MDIN, Thin & Light, Backlit KB Laptop",4.2 out of 5 stars,47400,Organic
https://m.media-amazon.com/images/I/71Q6JmLZE7L._AC_UY218_.jpg,"Lenovo IdeaPad Slim 3 13th Gen Intel Core i5-13420H 15.3""(38.8cm) WUXGA IPS Laptop(16GB RAM/512GB SSD/Win 11/Office Home 2024/Backlit/1Yr ADP Free/Top Metal Cover & IR Camera/Grey/1.6Kg), 83K100CGIN",4.0 out of 5 stars,55950,Organic
https://m.media-amazon.com/images/I/71Q6JmLZE7L._AC_UY218_.jpg,"Lenovo IdeaPad Slim 3 13th Gen Intel Core i5-13420H 15.3""(38.8cm) WUXGA IPS Laptop(16GB RAM/512GB SSD/Win 11/Office Home 2024/Backlit/1Yr ADP Free/Top Metal Cover & IR Camera/Grey/1.6Kg), 83K100CGIN",4.0 out of 5 stars,55950,Organic
https://m.media-amazon.com/images/I/71JI131B9SL._AC_UY218_.jpg,"acer Aspire Go 14, Intel Core Ultra 5 125H (14th Gen),16GB DDR5 RAM/512GB SSD, WUXGA IPS, 14.0""/35.56 cm, Win 11, MS Office, Steel Gray, 1.5 kg, AG14-71M,Backlit Keyboard, AI Powered Premium Laptop",3.5 out of 5 stars,54990,Organic
https://m.media-amazon.com/images/I/71A9yCXgOnL._AC_UY218_.jpg,Ultimus APEX Pro Intel Pentium Quad Core Laptop 4GB RAM 128GB eMMC SSD Expandable~512GB Ultra Thin Bezel 180° Hinge 2.0x1 3.0x1 USB HDMI SD Card Slot Dual Speaker Win11 Home Space Gray 1.2Kg,3.9 out of 5 stars,11990,Organic
https://m.media-amazon.com/images/I/71FXHAM+jWL._AC_UY218_.jpg,"HP 15, 13th Gen Intel Core i3-1315U (12GB DDR4, 512GB SSD) FHD, Anti-Glare, Micro-Edge, 15.6''/39.6cm, Win11, M365 Basic(1yr)* Office24, Silver, 1.59kg, fd0573TU, FHD Camera w/Shutter Laptop",4.0 out of 5 stars,37990,Organic
https://m.media-amazon.com/images/I/71tvlUVzTwL._AC_UY218_.jpg,HP 255 2GB RAM 128GB SSD DOS,4.3 out of 5 stars,36250,Organic
https://m.media-amazon.com/images/I/714-RoZpQML._AC_UY218_.jpg,"HP 15, AMD Ryzen 7 7735HS (16GB DDR5,512GB SSD) FHD, Anti-Glare, Micro-Edge, 15.6''/39.6cm, Win11, M365 Basic(1yr)* Office24, Silver, 1.59kg, fc1038AU, AMD Radeon FHD Camera w/Shutter, Backlit Laptop",4.0 out of 5 stars,60990,Organic
https://m.media-amazon.com/images/I/71Z4mSII9BL._AC_UY218_.jpg,"HP 15, 13th Gen Intel Core i5-1334U, (16GB DDR4,512GB SSD) Anti-Glare, Micro-Edge, FHD, 15.6''/39.6cm, Win11, M365 Basic(1yr)* Office24, Silver, 1.59kg, fd0577TU, Iris Xe, FHD Camera w/Shutter Laptop",3.8 out of 5 stars,52490,Organic
https://m.media-amazon.com/images/I/61nTNphSBvL._AC_UY218_.jpg,"ASUS TUF Gaming A15, AMD Ryzen 7 7435HS Gaming Laptop(NVIDIA RTX 3050-4GB/60W TGP/16GB RAM/512GB SSD/FHD/15.6""/144Hz/RGB KB/48WHr/Windows 11//Graphite Black/2.30 Kg) FA506NCR-HN054W",4.1 out of 5 stars,65990,Organic
https://m.media-amazon.com/images/I/71OYTmMWyLL._AC_UY218_.jpg,"HP 14 245 (2025), AMD Ryzen 5 7520U Quad Core - (8 GB/512 GB SSD/AMD Radeon Graphics/Windows 11 Home) Thin and Light Business Laptop/14.0"" HD Display/Ash Grey/1.36 kg/MS Office 2021",4.1 out of 5 stars,30490,Organic
https://m.media-amazon.com/images/I/61rutN1uR6L._AC_UY218_.jpg,Ultimus APEX Pro Intel Pentium Quad Core Laptop 4GB RAM 128GB eMMC SSD Expandable~512GB Ultra Thin Bezel 180° Hinge 2.0x1 3.0x1 USB HDMI SD Card Slot Dual Speaker Win11 Home Cloud Silver 1.2Kg,2.8 out of 5 stars,11990,Organic
https://m.media-amazon.com/images/I/71EwQWH7UvL._AC_UY218_.jpg,"ASUS Vivobook 14, Intel Core i3 13th Gen 1315U, 8GB RAM, 512GB SSD, FHD 14"", Windows 11, Office Home 2024, Cool Silver, 1.40kg, X1404VA-NK761WS, Intel UHD, M365 Basic (1Year)*, Backlit Keyboard Laptop",3.9 out of 5 stars,34750,Organic
https://m.media-amazon.com/images/I/618EzEodvlL._AC_UY218_.jpg,"HP 15, Intel Core i3-1315U-13th Gen Laptop (8GB DDR4 Ram,512GB SSD) Anti-Glare, Micro-Edge,15.6'' FHD, Win11,M365 Basic(1yr),Office Home24, Silver,1.59kg, FHD 15-FD0569TU/FD0129TU",3.9 out of 5 stars,34990,Organic
https://m.media-amazon.com/images/I/818iNyzckGL._AC_UY218_.jpg,"ASUS Vivobook 15, Smartchoice,Intel Core i5 13th Gen 13420H,16GB RAM, 512GB SSD, FHD 15.6"",Windows 11, Office Home 2024, Quiet Blue, 1.70 kg, X1502VA-BQ836WS,Intel UHD iGPU, M365 Basic (1Year)* Laptop",4.1 out of 5 stars,53990,Organic
https://m.media-amazon.com/images/I/713QmwFZbsL._AC_UY218_.jpg,ULTIMUS APEX Laptop Intel Celeron Dual Core 8 GB LPDDR4 512 GB SSD Expandable~1TB 14.1 FHD IPS Laptop Anti-Glare Ultra Thin Bezel 180° Hinge 3.0x3 USB HDMI SD Card Slot Win 11 Home 1.25KG Silver,3.6 out of 5 stars,17990,Organic
https://m.media-amazon.com/images/I/61XOR7fpbVL._AC_UY218_.jpg,"Lenovo Smartchoice Ideapad 5 2-in-1 13th Gen Intel Core i5-13420H (16GB RAM/512GB SSD/Windows 11/Office Home 2024/WUXGA IPS/14 (35.5cm)/Touchscreen 2-in-1/3Mon.Game Pass/Grey/1.6kg), 83KX0059IN Laptop",4.0 out of 5 stars,73490,Organic
https://m.media-amazon.com/images/I/71I9chrFYFL._AC_UY218_.jpg,"Dell 15 Laptop DC15250-15.6-inch FHD (1920x1080) 120Hz Display, Intel Core i5-1334U Processor, 16GB DDR4 RAM, 512GB SSD, Intel UHD Graphics, Windows 11 Home, Onsite Service - Platinum Silver",4.5 out of 5 stars,54399,Organic
